path;header;created;author;birthday;header_trans;author_trans;translator;date_trans;sphere;lang;lang_trans;lang_variant;__num__;comments
kor-rus_xml/0X1=LOVESONG_(I_Know_I_Love_You)_by_TXT.xml;0X1=LOVESONG (I Know I Love You);2021;TXT;;0X1=LOVESONG (I Know I Love You);TXT;dorion;;художественная;kor;rus;;0;
kor-rus_xml/10_Months_by_ENHYPEN.xml;10 Months;2020;ENHYPEN;;10 Months;ENHYPEN;Varennik;;художественная;kor;rus;;1;
kor-rus_xml/19_by_Stray_Kids.xml;19;2019;Stray Kids;;19;Stray Kids;Мин Криветка;;художественная;kor;rus;;2;
kor-rus_xml/24_hash_7_by_TWICE.xml;24 hash 7;2017;TWICE;;24 hash 7;TWICE;Yooko;;художественная;kor;rus;;3;
kor-rus_xml/24_HOURS_by_SUNMI.xml;24 HOURS;2014;SUNMI;;24 HOURS;SUNMI;ArchiePark;;художественная;kor;rus;;4;
kor-rus_xml/24_to_25_by_Stray_Kids.xml;24 to 25;2021;Stray Kids;;24 to 25;Stray Kids;Varennik;;художественная;kor;rus;;5;
kor-rus_xml/2U_by_KANG_DANIEL.xml;2U;2020;KANG DANIEL;;2U;KANG DANIEL;cuzcus;;художественная;kor;rus;;6;
kor-rus_xml/30sexy_by_RAIN.xml;30sexy;2014;RAIN;;30sexy;RAIN;Varennik;;художественная;kor;rus;;7;
kor-rus_xml/3rd_Eye_by_Stray_Kids.xml;3rd Eye;2018;Stray Kids;;3rd Eye;Stray Kids;Varennik;;художественная;kor;rus;;8;
kor-rus_xml/A_Lie_by_B1A4.xml;A Lie;2016;B1A4;;A Lie;B1A4;chatterbox;;художественная;kor;rus;;9;
kor-rus_xml/A-Yo_by_SHINee.xml;A-Yo;2010;SHINee;;A-Yo;SHINee;hyori033;;художественная;kor;rus;;10;
kor-rus_xml/Adulthood_by_KANG_DANIEL.xml;Adulthood;2019;KANG DANIEL;;Adulthood;KANG DANIEL;ArchiePark;;художественная;kor;rus;;11;
kor-rus_xml/Alcohol-Free_by_TWICE.xml;Alcohol-Free;2021;TWICE;;Alcohol-Free;TWICE;Анна Савостьянова;;художественная;kor;rus;;12;
kor-rus_xml/All_In_by_MONSTA_X.xml;All In;2016;MONSTA X;;All In;MONSTA X;Vesna7Ника;;художественная;kor;rus;;13;
kor-rus_xml/Alligator_by_MONSTA_X.xml;Alligator;2019;MONSTA X;;Alligator;MONSTA X;Ира Серёгина;;художественная;kor;rus;;14;
kor-rus_xml/Antidote_by_KANG_DANIEL.xml;Antidote;2021;KANG DANIEL;;Antidote;KANG DANIEL;WALLE;;художественная;kor;rus;;15;
kor-rus_xml/Astronaut_by_Stray_Kids.xml;Astronaut;2019;Stray Kids;;Astronaut;Stray Kids;ArchiePark;;художественная;kor;rus;;16;
kor-rus_xml/Awaken_by_Stray_Kids.xml;Awaken;2018;Stray Kids;;Awaken;Stray Kids;Varennik;;художественная;kor;rus;;17;
kor-rus_xml/Baby_Don_t_Cry_by_BIGBANG.xml;Baby Don_t Cry;2011;BIGBANG;;Baby Don_t Cry;BIGBANG;Лунный свет;;художественная;kor;rus;;18;
kor-rus_xml/Baby_Good_Night_by_G-DRAGON.xml;Baby Good Night;2010;G-DRAGON;;Baby Good Night;G-DRAGON;io _;;художественная;kor;rus;;19;
kor-rus_xml/Back_by_INFINITE.xml;Back;2014;INFINITE;;Back;INFINITE;Yummi;;художественная;kor;rus;;20;
kor-rus_xml/Back_Door_by_Stray_Kids.xml;Back Door;2020;Stray Kids;;Back Door;Stray Kids;ентан ест ким тэхена;;художественная;kor;rus;;21;
kor-rus_xml/Bad_Boy_by_Red_Velvet.xml;Bad Boy;2018;Red Velvet;;Bad Boy;Red Velvet;Mira1199;;художественная;kor;rus;;22;
kor-rus_xml/BEASTMODE_by_MONSTA_X.xml;BEASTMODE;2020;MONSTA X;;BEASTMODE;MONSTA X;Moonarelight;;художественная;kor;rus;;23;
kor-rus_xml/Beautiful_Goodbye_by_G.Soul.xml;Beautiful Goodbye;2015;G.Soul;;Beautiful Goodbye;G.Soul;SindArytiy;;художественная;kor;rus;;24;
kor-rus_xml/Beautiful_Night_by_MONSTA_X.xml;Beautiful Night;2020;MONSTA X;;Beautiful Night;MONSTA X;Moonarelight;;художественная;kor;rus;;25;
kor-rus_xml/BEBE_by_MONSTA_X.xml;BEBE;2021;MONSTA X;;BEBE;MONSTA X;eternal sunshine;;художественная;kor;rus;;26;
kor-rus_xml/Better_and_Better_by_WOODZ.xml;Better and Better;2022;WOODZ;;Better and Better;WOODZ;JustL;;художественная;kor;rus;;27;
kor-rus_xml/Black_Dress_by_CLC.xml;Black Dress;2018;CLC;;Black Dress;CLC;ArchiePark;;художественная;kor;rus;;28;
kor-rus_xml/Black_Pearl_by_SUNMI.xml;Black Pearl;2018;SUNMI;;Black Pearl;SUNMI;ArchiePark;;художественная;kor;rus;;29;
kor-rus_xml/Black_Swan_by_BTS.xml;Black Swan;2020;BTS;;Black Swan;BTS;ArchiePark;;художественная;kor;rus;;30;
kor-rus_xml/Blessed-Cursed_by_ENHYPEN.xml;Blessed-Cursed;2022;ENHYPEN;;Blessed-Cursed;ENHYPEN;SofiaArmy;;художественная;kor;rus;;31;
kor-rus_xml/Blind_by_MONSTA_X.xml;Blind;2017;MONSTA X;;Blind;MONSTA X;Vesna7Ника;;художественная;kor;rus;;32;
kor-rus_xml/Blue_Side_by_j-hope.xml;Blue Side;2018;j-hope;;Blue Side;j-hope;crruel;;художественная;kor;rus;;33;
kor-rus_xml/Blueming_by_IU.xml;Blueming;2019;IU;;Blueming;IU;8U;;художественная;kor;rus;;34;
kor-rus_xml/Booster_by_Stray_Kids.xml;Booster;2019;Stray Kids;;Booster;Stray Kids;Varennik;;художественная;kor;rus;;35;
kor-rus_xml/Boxer_by_Stray_Kids.xml;Boxer;2019;Stray Kids;;Boxer;Stray Kids;Varennik;;художественная;kor;rus;;36;
kor-rus_xml/Breathe_For_You_by_MONSTA_X.xml;Breathe For You;2019;MONSTA X;;Breathe For You;MONSTA X;riav;;художественная;kor;rus;;37;
kor-rus_xml/BUCK_by_WOODZ.xml;BUCK;2020;WOODZ;;BUCK;WOODZ;saidenkook;;художественная;kor;rus;;38;
kor-rus_xml/BUMP_BUMP_by_WOODZ.xml;BUMP BUMP;2020;WOODZ;;BUMP BUMP;WOODZ;Pink and Pink sweater;;художественная;kor;rus;;39;
kor-rus_xml/Burn_by_SUNMI.xml;Burn;2014;SUNMI;;Burn;SUNMI;ArchiePark;;художественная;kor;rus;;40;
kor-rus_xml/Burn_It_Up_by_MONSTA_X.xml;Burn It Up;2019;MONSTA X;;Burn It Up;MONSTA X;ворон;;художественная;kor;rus;;41;
kor-rus_xml/Butterfly_by_Wheein.xml;Butterfly;2021;Wheein;;Butterfly;Wheein;WALLE;;художественная;kor;rus;;42;
kor-rus_xml/By_My_Side_by_MONSTA_X.xml;By My Side;2018;MONSTA X;;By My Side;MONSTA X;ворон;;художественная;kor;rus;;43;
kor-rus_xml/Call_by_SUNMI.xml;Call;2021;SUNMI;;Call;SUNMI;Beautiful Life;;художественная;kor;rus;;44;
kor-rus_xml/Can_t_Nobody_by_2NE1.xml;Can_t Nobody;2010;2NE1;;Can_t Nobody;2NE1;Jane Doe;;художественная;kor;rus;;45;
kor-rus_xml/Catallena_by_Orange_Caramel.xml;Catallena;2014;Orange Caramel;;Catallena;Orange Caramel;8U;;художественная;kor;rus;;46;
kor-rus_xml/Chaotic_by_MONSTA_X.xml;Chaotic;2020;MONSTA X;;Chaotic;MONSTA X;Ира Серёгина;;художественная;kor;rus;;47;
kor-rus_xml/Charmer_by_Stray_Kids.xml;Charmer;2022;Stray Kids;;Charmer;Stray Kids;Varennik;;художественная;kor;rus;;48;
kor-rus_xml/Chase_Me_by_Dreamcatcher.xml;Chase Me;2017;Dreamcatcher;;Chase Me;Dreamcatcher;8U;;художественная;kor;rus;;49;
kor-rus_xml/Chaser_by_WOODZ.xml;Chaser;2021;WOODZ;;Chaser;WOODZ;JustL;;художественная;kor;rus;;50;
kor-rus_xml/CHEER_UP_by_TWICE.xml;CHEER UP;2016;TWICE;;CHEER UP;TWICE;LizaNetUki;;художественная;kor;rus;;51;
kor-rus_xml/CHEESE_by_Stray_Kids.xml;CHEESE;2021;Stray Kids;;CHEESE;Stray Kids;pink peach;;художественная;kor;rus;;52;
kor-rus_xml/Cherry_Bomb_by_NCT_127.xml;Cherry Bomb;2017;NCT 127;;Cherry Bomb;NCT 127;Del Del;;художественная;kor;rus;;53;
kor-rus_xml/Come_see_me_by_AOA.xml;Come see me;2019;AOA;;Come see me;AOA;ArchiePark;;художественная;kor;rus;;54;
kor-rus_xml/Cool_by_Weki_Meki.xml;Cool;2020;Weki Meki;;Cool;Weki Meki;buchateri;;художественная;kor;rus;;55;
kor-rus_xml/Crayon_by_G-DRAGON.xml;Crayon;2012;G-DRAGON;;Crayon;G-DRAGON;io _;;художественная;kor;rus;;56;
kor-rus_xml/Crazy_by_4Minute.xml;Crazy;2015;4Minute;;Crazy;4Minute;ltdznm;;художественная;kor;rus;;57;
kor-rus_xml/Criminal_by_TAEMIN.xml;Criminal;2020;TAEMIN;;Criminal;TAEMIN;Ира Серёгина;;художественная;kor;rus;;58;
kor-rus_xml/Cry_For_Me_by_TWICE.xml;Cry For Me;2020;TWICE;;Cry For Me;TWICE;ArchiePark;;художественная;kor;rus;;59;
kor-rus_xml/Curve_by_SUNMI.xml;Curve;2018;SUNMI;;Curve;SUNMI;ArchiePark;;художественная;kor;rus;;60;
kor-rus_xml/Dally_Dally_by_HYOLYN.xml;Dally Dally;2018;HYOLYN;;Dally Dally;HYOLYN;Mira1199;;художественная;kor;rus;;61;
kor-rus_xml/DIFFERENT_by_WOODZ.xml;DIFFERENT;2018;WOODZ;;DIFFERENT;WOODZ;KM_;;художественная;kor;rus;;62;
kor-rus_xml/Do_it_!_by_HyunA.xml;Do it !;2016;HyunA;;Do it !;HyunA;SimplyStar;;художественная;kor;rus;;63;
kor-rus_xml/Don_t_Cry_by_2NE1.xml;Don_t Cry;2011;2NE1;;Don_t Cry;2NE1;Алена Тюрютикова;;художественная;kor;rus;;64;
kor-rus_xml/Don_t_Forget_Me_by_miss_A.xml;Don_t Forget Me;2015;miss A;;Don_t Forget Me;miss A;ltdznm;;художественная;kor;rus;;65;
kor-rus_xml/Don_t_Know_You_by_HEIZE.xml;Don_t Know You;2017;HEIZE;;Don_t Know You;HEIZE;casey_lee;;художественная;kor;rus;;66;
kor-rus_xml/Don_t_Make_Me_Cry_by_Jessi.xml;Don_t Make Me Cry;2017;Jessi;;Don_t Make Me Cry;Jessi;Stasya533;;художественная;kor;rus;;67;
kor-rus_xml/Down_by_Jessi.xml;Down;2018;Jessi;;Down;Jessi;Stasya533;;художественная;kor;rus;;68;
kor-rus_xml/Dramarama_by_MONSTA_X.xml;Dramarama;2017;MONSTA X;;Dramarama;MONSTA X;김다연;;художественная;kor;rus;;69;
kor-rus_xml/Drunk-Dazed_by_ENHYPEN.xml;Drunk-Dazed;2021;ENHYPEN;;Drunk-Dazed;ENHYPEN;ентан ест ким тэхена;;художественная;kor;rus;;70;
kor-rus_xml/DUMB_DUMB_by_SOMI.xml;DUMB DUMB;2021;SOMI;;DUMB DUMB;SOMI;dorion;;художественная;kor;rus;;71;
kor-rus_xml/Déjà_vu_by_MONSTA_X.xml;Déjà vu;2017;MONSTA X;;Déjà vu;MONSTA X;Nastya Im;;художественная;kor;rus;;72;
kor-rus_xml/Easy_by_Wheein.xml;Easy;2018;Wheein;;Easy;Wheein;8U;;художественная;kor;rus;;73;
kor-rus_xml/Energetic_by_WANNA_ONE.xml;Energetic;2017;WANNA ONE;;Energetic;WANNA ONE;Pollin Min;;художественная;kor;rus;;74;
kor-rus_xml/Everybody_by_SHINee.xml;Everybody;2013;SHINee;;Everybody;SHINee;SimplyStar;;художественная;kor;rus;;75;
kor-rus_xml/Excuse_me_by_AOA.xml;Excuse me;2017;AOA;;Excuse me;AOA;maria kwon;;художественная;kor;rus;;76;
kor-rus_xml/Falling_In_Love_by_2NE1.xml;Falling In Love;2013;2NE1;;Falling In Love;2NE1;Viktoria_4;;художественная;kor;rus;;77;
kor-rus_xml/Fancy_by_TWICE.xml;Fancy;2019;TWICE;;Fancy;TWICE;ArchiePark;;художественная;kor;rus;;78;
kor-rus_xml/FEEL_LIKE_by_WOODZ.xml;FEEL LIKE;2021;WOODZ;;FEEL LIKE;WOODZ;Pink and Pink sweater;;художественная;kor;rus;;79;
kor-rus_xml/Feel_Special_by_TWICE.xml;Feel Special;2019;TWICE;;Feel Special;TWICE;namu_uwu;;художественная;kor;rus;;80;
kor-rus_xml/FEVER_by_ENHYPEN.xml;FEVER;2021;ENHYPEN;;FEVER;ENHYPEN;Varennik;;художественная;kor;rus;;81;
kor-rus_xml/Full_Moon_by_SUNMI.xml;Full Moon;2014;SUNMI;;Full Moon;SUNMI;ArchiePark;;художественная;kor;rus;;82;
kor-rus_xml/Future_Perfect_(Pass_the_MIC)_by_ENHYPEN.xml;Future Perfect (Pass the MIC);2022;ENHYPEN;;Future Perfect (Pass the MIC);ENHYPEN;SofiaArmy;;художественная;kor;rus;;83;
kor-rus_xml/Good_bye_by_Wheein.xml;Good bye;2019;Wheein;;Good bye;Wheein;darrgie;;художественная;kor;rus;;84;
kor-rus_xml/Good_night_by_DAWN.xml;Good night;2017;DAWN;;Good night;DAWN;SimplyStar;;художественная;kor;rus;;85;
kor-rus_xml/Gotta_Go_by_CHUNG_HA.xml;Gotta Go;2019;CHUNG HA;;Gotta Go;CHUNG HA;maria kwon;;художественная;kor;rus;;86;
kor-rus_xml/Gotta_Talk_To_U_by_Seungri.xml;Gotta Talk To U;2013;Seungri;;Gotta Talk To U;Seungri;8U;;художественная;kor;rus;;87;
kor-rus_xml/HAPPEN_by_HEIZE.xml;HAPPEN;2021;HEIZE;;HAPPEN;HEIZE;WALLE;;художественная;kor;rus;;88;
kor-rus_xml/Heart_Attack_by_AOA.xml;Heart Attack;2015;AOA;;Heart Attack;AOA;;;художественная;kor;rus;;89;
kor-rus_xml/Heart_Burn_by_SUNMI.xml;Heart Burn;2022;SUNMI;;Heart Burn;SUNMI;Pink and Pink sweater;;художественная;kor;rus;;90;
kor-rus_xml/Heartsore_Story_by_Wheesung.xml;Heartsore Story;2011;Wheesung;;Heartsore Story;Wheesung;Varennik;;художественная;kor;rus;;91;
kor-rus_xml/Heroine_by_SUNMI.xml;Heroine;2018;SUNMI;;Heroine;SUNMI;ArchiePark;;художественная;kor;rus;;92;
kor-rus_xml/Hey_You_by_SUNMI.xml;Hey You;2019;SUNMI;;Hey You;SUNMI;Stasya533;;художественная;kor;rus;;93;
kor-rus_xml/Home_by_Tablo.xml;Home;2011;Tablo;;Home;Tablo;Beverly Mills;;художественная;kor;rus;;94;
kor-rus_xml/Hope_to_be_like_you_by_WOODZ.xml;Hope to be like you;2022;WOODZ;;Hope to be like you;WOODZ;Pink and Pink sweater;;художественная;kor;rus;;95;
kor-rus_xml/Hopeless_Love_by_JAMIE.xml;Hopeless Love;2015;JAMIE;;Hopeless Love;JAMIE;Pink and Pink sweater;;художественная;kor;rus;;96;
kor-rus_xml/Hot_Sauce_by_NCT_DREAM.xml;Hot Sauce;2021;NCT DREAM;;Hot Sauce;NCT DREAM;Ира Серёгина;;художественная;kor;rus;;97;
kor-rus_xml/I_am_YOU_by_Stray_Kids.xml;I am YOU;2018;Stray Kids;;I am YOU;Stray Kids;Varennik;;художественная;kor;rus;;98;
kor-rus_xml/I_by_TAEYEON.xml;I;2015;TAEYEON;;I;TAEYEON;novik;;художественная;kor;rus;;99;
kor-rus_xml/I_Don_t_Need_A_Man_by_miss_A.xml;I Don_t Need A Man;2013;miss A;;I Don_t Need A Man;miss A;ArchiePark;;художественная;kor;rus;;100;
kor-rus_xml/I_Want_To_Be_Me_by_Jessi.xml;I Want To Be Me;2016;Jessi;;I Want To Be Me;Jessi;Stasya533;;художественная;kor;rus;;101;
kor-rus_xml/I_will_show_you_by_Ailee.xml;I will show you;2012;Ailee;;I will show you;Ailee;ArchiePark;;художественная;kor;rus;;102;
kor-rus_xml/Ice_cream_by_HyunA.xml;Ice cream;2012;HyunA;;Ice cream;HyunA;lilifilm;;художественная;kor;rus;;103;
kor-rus_xml/Ice_Cream_Melting_by_TWICE.xml;Ice Cream Melting;2017;TWICE;;Ice Cream Melting;TWICE;KatieShine;;художественная;kor;rus;;104;
kor-rus_xml/If_You_Want_by_SISTAR.xml;If You Want;2013;SISTAR;;If You Want;SISTAR;ArchiePark;;художественная;kor;rus;;105;
kor-rus_xml/Intro_by_AOA.xml;Intro;2014;AOA;;Intro;AOA;buchateri;;художественная;kor;rus;;106;
kor-rus_xml/Kiss_by_2NE1.xml;Kiss;2010;2NE1;;Kiss;2NE1;Софья;;художественная;kor;rus;;107;
kor-rus_xml/LALALAY_by_SUNMI.xml;LALALAY;2019;SUNMI;;LALALAY;SUNMI;ArchiePark;;художественная;kor;rus;;108;
kor-rus_xml/Late_Autumn_by_Cho_Kyu-hyun.xml;Late Autumn;2013;Cho Kyu-hyun;;Late Autumn;Cho Kyu-hyun;Demonia;;художественная;kor;rus;;109;
kor-rus_xml/Left_and_Right_by_SEVENTEEN.xml;Left and Right;2020;SEVENTEEN;;Left and Right;SEVENTEEN;8U;;художественная;kor;rus;;110;
kor-rus_xml/Like_You_by_Jonghyun.xml;Like You;2016;Jonghyun;;Like You;Jonghyun;Stay Inside;;художественная;kor;rus;;111;
kor-rus_xml/LILAC_by_IU.xml;LILAC;2021;IU;;LILAC;IU;8U;;художественная;kor;rus;;112;
kor-rus_xml/Lipstick_by_Orange_Caramel.xml;Lipstick;2012;Orange Caramel;;Lipstick;Orange Caramel;Demonia;;художественная;kor;rus;;113;
kor-rus_xml/Loser_by_KANG_DANIEL.xml;Loser;2021;KANG DANIEL;;Loser;KANG DANIEL;nastyavarly;;художественная;kor;rus;;114;
kor-rus_xml/Love_dust_by_BIGBANG.xml;Love dust;2012;BIGBANG;;Love dust;BIGBANG;Alex Lin;;художественная;kor;rus;;115;
kor-rus_xml/Love_is_a_lie_by_WINNER.xml;Love is a lie;2014;WINNER;;Love is a lie;WINNER;cinnamon bun;;художественная;kor;rus;;116;
kor-rus_xml/LULLABY_by_WOODZ.xml;LULLABY;2021;WOODZ;;LULLABY;WOODZ;JustL;;художественная;kor;rus;;117;
kor-rus_xml/Luv_Me_by_AOA.xml;Luv Me;2016;AOA;;Luv Me;AOA;maria kwon;;художественная;kor;rus;;118;
kor-rus_xml/MAGO_by_GFRIEND.xml;MAGO;2020;GFRIEND;;MAGO;GFRIEND;buchateri;;художественная;kor;rus;;119;
kor-rus_xml/Make_Me_Go_by_TWICE.xml;Make Me Go;2020;TWICE;;Make Me Go;TWICE;Анна Савостьянова;;художественная;kor;rus;;120;
kor-rus_xml/ME_ME_WE_by_Ailee.xml;ME ME WE;2020;Ailee;;ME ME WE;Ailee;SimplyStar;;художественная;kor;rus;;121;
kor-rus_xml/MIROH_by_Stray_Kids.xml;MIROH;2019;Stray Kids;;MIROH;Stray Kids;Kim Yorin;;художественная;kor;rus;;122;
kor-rus_xml/Misunderstood_by_KANG_DANIEL.xml;Misunderstood;2021;KANG DANIEL;;Misunderstood;KANG DANIEL;Beautiful Life;;художественная;kor;rus;;123;
kor-rus_xml/Mixed_Up_by_ENHYPEN.xml;Mixed Up;2021;ENHYPEN;;Mixed Up;ENHYPEN;Varennik;;художественная;kor;rus;;124;
kor-rus_xml/MOMMAE(Remix)_by_Jay_Park.xml;MOMMAE(Remix);2015;Jay Park;;MOMMAE(Remix);Jay Park;cinnamon bun;;художественная;kor;rus;;125;
kor-rus_xml/Monster1_by_BIGBANG.xml;Monster1;2012;BIGBANG;;Monster1;BIGBANG;io _;;художественная;kor;rus;;126;
kor-rus_xml/Monster2_by_EXO.xml;Monster2;2016;EXO;;Monster2;EXO;SuriKim;;художественная;kor;rus;;127;
kor-rus_xml/Mr.Mr._by_Girls__Generation.xml;Mr.Mr.;2014;Girls_ Generation;;Mr.Mr.;Girls_ Generation;Алена Тюрютикова;;художественная;kor;rus;;128;
kor-rus_xml/Narcissism_by_SUNMI.xml;Narcissism;2021;SUNMI;;Narcissism;SUNMI;Beautiful Life;;художественная;kor;rus;;129;
kor-rus_xml/New_Face_by_PSY.xml;New Face;2017;PSY;;New Face;PSY;Georgankar;;художественная;kor;rus;;130;
kor-rus_xml/Next_Level_by_aespa.xml;Next Level;2021;aespa;;Next Level;aespa;SimplyStar;;художественная;kor;rus;;131;
kor-rus_xml/Night_by_KANG_DANIEL.xml;Night;2020;KANG DANIEL;;Night;KANG DANIEL;Pink and Pink sweater;;художественная;kor;rus;;132;
kor-rus_xml/Noir_by_SUNMI.xml;Noir;2019;SUNMI;;Noir;SUNMI;ArchiePark;;художественная;kor;rus;;133;
kor-rus_xml/Not_For_Sale_by_ENHYPEN.xml;Not For Sale;2021;ENHYPEN;;Not For Sale;ENHYPEN;Varennik;;художественная;kor;rus;;134;
kor-rus_xml/Obsession_by_EXO.xml;Obsession;2019;EXO;;Obsession;EXO;ArchiePark;;художественная;kor;rus;;135;
kor-rus_xml/One_way_love_by_HYOLYN.xml;One way love;2013;HYOLYN;;One way love;HYOLYN;Ray Pandanii;;художественная;kor;rus;;136;
kor-rus_xml/Only_Look_At_Me_by_TAEYANG.xml;Only Look At Me;2010;TAEYANG;;Only Look At Me;TAEYANG;Saekkeol;;художественная;kor;rus;;137;
kor-rus_xml/Only_You_by_miss_A.xml;Only You;2015;miss A;;Only You;miss A;aniutiktik;;художественная;kor;rus;;138;
kor-rus_xml/Outta_My_Head_by_SOMI.xml;Outta My Head;2019;SOMI;;Outta My Head;SOMI;ArchiePark;;художественная;kor;rus;;139;
kor-rus_xml/Palette_by_IU.xml;Palette;2017;IU;;Palette;IU;Vesna7Ника;;художественная;kor;rus;;140;
kor-rus_xml/Pandora_by_BamBam.xml;Pandora;2021;BamBam;;Pandora;BamBam;SimplyStar;;художественная;kor;rus;;141;
kor-rus_xml/Parade_by_KANG_DANIEL.xml;Parade;2022;KANG DANIEL;;Parade;KANG DANIEL;jolytae;;художественная;kor;rus;;142;
kor-rus_xml/Play_Me_by_TAEMIN.xml;Play Me;2014;TAEMIN;;Play Me;TAEMIN;Nata Off;;художественная;kor;rus;;143;
kor-rus_xml/Potion_by_Eric_Nam.xml;Potion;2018;Eric Nam;;Potion;Eric Nam;HappyLittle_Sun;;художественная;kor;rus;;144;
kor-rus_xml/Pporappippam_by_SUNMI.xml;Pporappippam;2020;SUNMI;;Pporappippam;SUNMI;ArchiePark;;художественная;kor;rus;;145;
kor-rus_xml/Run_by_BTS.xml;Run;2015;BTS;;Run;BTS;Natasha Vasilyeva;;художественная;kor;rus;;146;
kor-rus_xml/Russian_Roulette_by_Red_Velvet.xml;Russian Roulette;2016;Red Velvet;;Russian Roulette;Red Velvet;chatterbox;;художественная;kor;rus;;147;
kor-rus_xml/SCIENTIST_by_TWICE.xml;SCIENTIST;2021;TWICE;;SCIENTIST;TWICE;SimplyStar;;художественная;kor;rus;;148;
kor-rus_xml/Shadow_by_TAEMIN.xml;Shadow;2019;TAEMIN;;Shadow;TAEMIN;VikingJoon;;художественная;kor;rus;;149;
kor-rus_xml/Shine_by_PENTAGON.xml;Shine;2018;PENTAGON;;Shine;PENTAGON;alisa mun;;художественная;kor;rus;;150;
kor-rus_xml/Short_hair_by_AOA.xml;Short hair;2014;AOA;;Short hair;AOA;Arak_kill;;художественная;kor;rus;;151;
kor-rus_xml/Siren_by_SUNMI.xml;Siren;2018;SUNMI;;Siren;SUNMI;dorion;;художественная;kor;rus;;152;
kor-rus_xml/SO_BAD_by_STAYC.xml;SO BAD;2020;STAYC;;SO BAD;STAYC;buchateri;;художественная;kor;rus;;153;
kor-rus_xml/Sorry_by_AOA.xml;Sorry;2019;AOA;;Sorry;AOA;ArchiePark;;художественная;kor;rus;;154;
kor-rus_xml/Sour_candy_by_WOODZ.xml;Sour candy;2021;WOODZ;;Sour candy;WOODZ;JustL;;художественная;kor;rus;;155;
kor-rus_xml/Ssenunni_by_Jessi.xml;Ssenunni;2016;Jessi;;Ssenunni;Jessi;Алена Тюрютикова;;художественная;kor;rus;;156;
kor-rus_xml/Superman_by_SUPER_JUNIOR.xml;Superman;2011;SUPER JUNIOR;;Superman;SUPER JUNIOR;ворон;;художественная;kor;rus;;157;
kor-rus_xml/Tail_by_SUNMI.xml;Tail;2021;SUNMI;;Tail;SUNMI;ArchiePark;;художественная;kor;rus;;158;
kor-rus_xml/Teacher_by_IU.xml;Teacher;2011;IU;;Teacher;IU;8U;;художественная;kor;rus;;159;
kor-rus_xml/Thanks_to_by_WOODZ.xml;Thanks to;2020;WOODZ;;Thanks to;WOODZ;Pink and Pink sweater;;художественная;kor;rus;;160;
kor-rus_xml/The_Boys_by_Girls__Generation.xml;The Boys;2011;Girls_ Generation;;The Boys;Girls_ Generation;alisa mun;;художественная;kor;rus;;161;
kor-rus_xml/The_Story_I_Didn_t_Know_by_IU.xml;The Story I Didn_t Know;2011;IU;;The Story I Didn_t Know;IU;8U;;художественная;kor;rus;;162;
kor-rus_xml/Tide_by_WOODZ.xml;Tide;2020;WOODZ;;Tide;WOODZ;Beautiful Life;;художественная;kor;rus;;163;
kor-rus_xml/Togeworl_by_Kim_Lim.xml;Togeworl;2013;Kim Lim;;Togeworl;Kim Lim;Jane Doe;;художественная;kor;rus;;164;
kor-rus_xml/TRASH_by_Wheein.xml;TRASH;2021;Wheein;;TRASH;Wheein;Beautiful Life;;художественная;kor;rus;;165;
kor-rus_xml/Trigger_by_WOODZ.xml;Trigger;2020;WOODZ;;Trigger;WOODZ;Ира Серёгина;;художественная;kor;rus;;166;
kor-rus_xml/UN_Village_by_BAEKHYUN.xml;UN Village;2019;BAEKHYUN;;UN Village;BAEKHYUN;Ира Серёгина;;художественная;kor;rus;;167;
kor-rus_xml/Volume_Up_by_4Minute.xml;Volume Up;2012;4Minute;;Volume Up;4Minute;ArchiePark;;художественная;kor;rus;;168;
kor-rus_xml/WAITING_by_WOODZ.xml;WAITING;2021;WOODZ;;WAITING;WOODZ;JustL;;художественная;kor;rus;;169;
kor-rus_xml/water_color_by_Wheein.xml;water color;2021;Wheein;;water color;Wheein;Beautiful Life;;художественная;kor;rus;;170;
kor-rus_xml/Wee_Woo_by_PRISTIN.xml;Wee Woo;2017;PRISTIN;;Wee Woo;PRISTIN;maria kwon;;художественная;kor;rus;;171;
kor-rus_xml/What_The_Flower_by_SUNMI.xml;What The Flower;2021;SUNMI;;What The Flower;SUNMI;SimplyStar;;художественная;kor;rus;;172;
kor-rus_xml/What_Type_of_X_by_Jessi.xml;What Type of X;2021;Jessi;;What Type of X;Jessi;SimplyStar;;художественная;kor;rus;;173;
kor-rus_xml/What_You_Waiting_For_by_SOMI.xml;What You Waiting For;2020;SOMI;;What You Waiting For;SOMI;Korean version;;художественная;kor;rus;;174;
kor-rus_xml/Whistle_by_BLACKPINK.xml;Whistle;2016;BLACKPINK;;Whistle;BLACKPINK;Jealous blush;;художественная;kor;rus;;175;
kor-rus_xml/White_Love_by_MONSTA_X.xml;White Love;2017;MONSTA X;;White Love;MONSTA X;venusbaek;;художественная;kor;rus;;176;
kor-rus_xml/You_Can_t_Sit_With_Us_by_SUNMI.xml;You Can_t Sit With Us;2021;SUNMI;;You Can_t Sit With Us;SUNMI;SimplyStar;;художественная;kor;rus;;177;
kor-rus_xml/Processed_news_1.xml;[열린세상] 제2의 안현수가 나와서는 안 된다/김용환 서울대 초빙교수·전 문화부 차관/[Yeolrinsesang] Jeiui anhyeonsuga nawaseoneun an doenda/gimyonghwan seouldae chobinggyosu·jeon munhwabu chagwan;2014;김용환/Kim Yong Hwan;;Мы не допустим «второго Виктора Ана»;Ким Ен Хван;;2014;публицистика;kor;rus;;178;
kor-rus_xml/Processed_news_2.xml;[세계는 기본소득 실험 중] “영구배당금은 주요 수입… 공짜 돈에 게을러지는 건 상상 못해”/[Segyeneun gibonsodeuk silheom jung] “Yeonggubaedanggeumeun juyo suip… gongjja done geeulreojineun geon sangsang mothae”;2017;하종훈/Ha Jong Hun;;«Ежегодные дивиденды — важная статья дохода... Я не могу позволить себе лениться на безвозмездно получаемые деньги»;Ха Джон Хун;;2014;публицистика;kor;rus;;179;
kor-rus_xml/Processed_news_3.xml;[탈북여성 1호 박사 이애란의 북한 통신 6편] 북한 식량난의 진짜 원인은/[Talbugyeoseong ilho baksa iaeranui bukhan tongsin yukpyeon] bukhan sikryangnanui jinjja wonineun;2014;이애란/Lee Ae Ran;;Реальная причина нехватки продовольствия в КНДР;Ли Е Ран;;2014;публицистика;kor;rus;;180;
kor-rus_xml/Processed_news_4.xml;[기고] 우크라사태의 한반도 나비효과/한승범 맥신코리아 대표/[Gigo] Ukeurasataeui hanbando nabihyogwa/hanseungbeom maeksinkoria daepyo;2014;한승범/Han Seung Beom;;Кризис на Украине, а последствия на Корейском полуострове;Хан Сын Пом;;2014;публицистика;kor;rus;;181;
kor-rus_xml/Processed_news_5.xml;[도청도설] 러-크림 합병/[Docheongdoseol] Reo-keurim hapbyeong;2014;강동수/Kang Dong Su;;Историческое дежавю;Кан Дон Су;;2014;публицистика;kor;rus;;182;
kor-rus_xml/Processed_news_6.xml;美 중간선거에 달린 한반도 평화 프로세스…속전속결이냐 지지부진이냐/Mi jungganseongeoe dalrin hanbando pyeonghwa peuroseseu… sokjeonsokgyeorinya jijibujininya;2018;박고은/Pak Ko Eun;;Sisafocus (Южная Корея): мир на Корейском полуострове зависит от промежуточных выборов в США;Пак Ко Ын;;2018;публицистика;kor;rus;;183;
rus-kor_xml/Processed_Tolstoy_kor_ru.xml;Чем люди живы;1885;Лев Толстой;1828;사람은 무엇으로 사는가/Sarameun mueoseuro saneunga;레프 톨스토이/Repeu Tolseutoi;김근식|고산/Kim Keunsik|Kosan;2007;художественная;rus;kor;;184;